region_id,h00,h01,h02,h03,h04,h05,h06,h07,h08,h09,h10,h11,h12,h13,h14,h15,h16,h17,h18,h19,h20,h21,h22,h23
ap-south-1,1.06,1.07,1.07,1.06,1.04,1.00,0.96,0.92,0.88,0.85,0.83,0.82,0.83,0.85,0.89,0.94,1.02,1.12,1.18,1.19,1.16,1.12,1.09,1.07
centralindia,1.05,1.06,1.07,1.06,1.04,1.01,0.97,0.93,0.89,0.86,0.84,0.83,0.84,0.86,0.90,0.95,1.03,1.11,1.17,1.18,1.15,1.11,1.08,1.06
asia-south1,1.06,1.07,1.07,1.06,1.04,1.00,0.96,0.92,0.88,0.85,0.83,0.82,0.83,0.85,0.89,0.94,1.02,1.12,1.18,1.19,1.16,1.12,1.09,1.07
eu-north-1,0.98,0.97,0.96,0.96,0.97,0.99,1.02,1.05,1.05,1.03,1.01,1.00,0.99,0.99,1.00,1.01,1.03,1.05,1.06,1.04,1.02,1.00,0.99,0.98
europe-west4,1.18,1.20,1.21,1.20,1.17,1.12,1.05,0.95,0.84,0.74,0.68,0.65,0.66,0.70,0.78,0.88,1.00,1.12,1.22,1.28,1.30,1.28,1.24,1.21
us-central1,0.82,0.80,0.79,0.79,0.81,0.85,0.92,1.00,1.06,1.10,1.13,1.15,1.16,1.16,1.14,1.12,1.10,1.08,1.05,1.00,0.94,0.89,0.85,0.83
us-east-1,0.93,0.91,0.90,0.90,0.91,0.94,0.99,1.04,1.06,1.06,1.05,1.04,1.03,1.03,1.04,1.06,1.09,1.12,1.13,1.10,1.05,1.00,0.97,0.95
us-west-2,0.94,0.92,0.91,0.91,0.92,0.95,1.00,1.05,1.06,1.04,1.02,1.00,0.99,0.99,1.00,1.02,1.05,1.09,1.11,1.08,1.04,1.00,0.97,0.95
southamerica-east1,0.88,0.86,0.85,0.85,0.86,0.89,0.94,0.99,1.01,1.02,1.02,1.02,1.02,1.03,1.04,1.06,1.10,1.18,1.24,1.22,1.14,1.04,0.96,0.91
